doc_id,n_questions_total,n_questions_with_evidence,retrieval_recall@k,retrieval_mrr@k,n_questions_with_gold_fields,gen_fill_rate,gen_match_rate,gen_avg_similarity,score
(사)벤처기업협회_2024년 벤처확인종합관리시스템 기능 고도화 용역사업 .pdf,21,21,0.2857142857142857,0.1142857142857143,21,0.5238095238095238,0.09523809523809523,21.113655820653893,0.14285714285714285
(사)부산국제영화제_2024년 BIFF & ACFM 온라인서비스 재개발 및 행사지원시.pdf,21,21,0.7619047619047619,0.18452380952380953,21,0.5238095238095238,0.23809523809523808,31.92525522569257,0.31607142857142856
(재)예술경영지원센터_통합 정보시스템 구축 사전 컨설팅.pdf,21,21,0.8571428571428571,0.4325396825396825,21,0.5238095238095238,0.23809523809523808,35.1684187254559,0.45912698412698405
2025 구미 아시아육상경기선수권대회 조직위원회_2025 구미아시아육상경.pdf,21,21,0.3333333333333333,0.1401360544217687,21,0.5238095238095238,0.09523809523809523,16.004408779742654,0.16530612244897958
