doc_id,n_questions_total,n_questions_with_evidence,retrieval_recall@k,retrieval_mrr@k,n_questions_with_gold_fields,gen_fill_rate,gen_match_rate,gen_avg_similarity,score
(사)벤처기업협회_2024년 벤처확인종합관리시스템 기능 고도화 용역사업 .pdf,21,21,0.47619047619047616,0.22444618873190297,21,0.5238095238095238,0.19047619047619047,31.677213674164168,0.26460404674690385
(사)부산국제영화제_2024년 BIFF & ACFM 온라인서비스 재개발 및 행사지원시.pdf,21,21,0.8095238095238095,0.4279609279609279,21,0.5238095238095238,0.14285714285714285,27.90249807085374,0.41874236874236875
(재)예술경영지원센터_통합 정보시스템 구축 사전 컨설팅.pdf,21,21,0.7619047619047619,0.40208032708032715,21,0.5238095238095238,0.19047619047619047,27.535133208326172,0.4105639730639731
2025 구미 아시아육상경기선수권대회 조직위원회_2025 구미아시아육상경.pdf,21,21,0.5238095238095238,0.07847113204256059,21,0.5238095238095238,0.23809523809523808,30.8406783092911,0.2154260422117565
