doc_id,n_questions_total,n_questions_with_evidence,retrieval_recall@k,retrieval_mrr@k,n_questions_with_gold_fields,gen_fill_rate,gen_match_rate,gen_avg_similarity,score
(사)벤처기업협회_2024년 벤처확인종합관리시스템 기능 고도화 용역사업 .pdf,21,21,0.5238095238095238,0.21186696900982616,21,0.5238095238095238,0.19047619047619047,30.376063564918056,0.267838246409675
(사)부산국제영화제_2024년 BIFF & ACFM 온라인서비스 재개발 및 행사지원시.pdf,21,21,0.9523809523809523,0.6014652014652013,21,0.5238095238095238,0.14285714285714285,26.070003049952923,0.534065934065934
(재)예술경영지원센터_통합 정보시스템 구축 사전 컨설팅.pdf,21,21,0.7619047619047619,0.31266061980347687,21,0.5238095238095238,0.14285714285714285,26.622696531790563,0.35156840513983373
2025 구미 아시아육상경기선수권대회 조직위원회_2025 구미아시아육상경.pdf,21,21,0.47619047619047616,0.08219954648526076,21,0.5238095238095238,0.2857142857142857,33.95148449268396,0.2220521541950113
