exp_id,chunk,retriever,model,n_docs,ret_recall,ret_mrr,gen_fill,gen_match,gen_sim,faithfulness,context_precision,answer_correctness
3,C1,R2,G1,30,0.853968253968254,0.49262980933591277,1.0,0.22963716480744345,43.14267413069531,0.6159437086092715,0.6521854304635761,0.5710375847195934
