exp_id,chunk,retriever,model,n_docs,ret_recall,ret_mrr,gen_fill,gen_match,gen_sim
3,C1,R2,G1,30,0.886904761904762,0.6377995110631665,1.0,0.3548425803069766,55.979481687127404
