exp_id,chunk,retriever,model,n_docs,ret_recall,ret_mrr,gen_fill,gen_match,gen_sim
19,C4,R1,G1,30,0.6571428571428573,0.266444560730275,1.0,0.18905728373220637,36.22955518502404
