exp_id,chunk,retriever,model,n_docs,ret_recall,ret_mrr,gen_fill,gen_match,gen_sim
11,C2,R3,G1,5,0.619047619047619,0.2206897335468764,1.0,0.18619047619047618,36.08348804351106
