exp_id,chunk,retriever,model,n_docs,ret_recall,ret_mrr,gen_fill,gen_match,gen_sim
21,C4,R2,G1,30,0.6682539682539684,0.3231122581122581,1.0,0.22453658656445036,45.59992339942961
